{
  "phase": "4.5-distributed",
  "tensor_parallel_size": 1,
  "cache_addr": "127.0.0.1:50051",
  "workload": "system_prompt",
  "block_tokens": 16,
  "runs": 8,
  "models": [
    {
      "model": "Qwen/Qwen2.5-7B-Instruct",
      "max_model_len": 32768,
      "results": [
        {
          "repeat": 16,
          "prompt_tokens": 1038,
          "baseline_ms": {
            "p50": 75.27675852179527,
            "p95": 421.8996614217758,
            "p99": 421.8996614217758,
            "mean": 118.4192025102675
          },
          "external_cold_ms": {
            "p50": 362.26173117756844,
            "p95": 362.26173117756844,
            "p99": 362.26173117756844,
            "mean": 362.26173117756844
          },
          "external_warm_ms": {
            "p50": 204.0642611682415,
            "p95": 206.27430453896523,
            "p99": 206.27430453896523,
            "mean": 203.37067521177232
          },
          "warm_vs_baseline_pct": -171.1
        },
        {
          "repeat": 32,
          "prompt_tokens": 2062,
          "baseline_ms": {
            "p50": 136.11359149217606,
            "p95": 136.76214218139648,
            "p99": 136.76214218139648,
            "mean": 136.02742040529847
          },
          "external_cold_ms": {
            "p50": 586.7949463427067,
            "p95": 586.7949463427067,
            "p99": 586.7949463427067,
            "mean": 586.7949463427067
          },
          "external_warm_ms": {
            "p50": 389.45517875254154,
            "p95": 402.13762037456036,
            "p99": 402.13762037456036,
            "mean": 389.42423672415316
          },
          "warm_vs_baseline_pct": -186.1
        },
        {
          "repeat": 64,
          "prompt_tokens": 4110,
          "baseline_ms": {
            "p50": 273.1754910200834,
            "p95": 274.2507625371218,
            "p99": 274.2507625371218,
            "mean": 273.380811791867
          },
          "external_cold_ms": {
            "p50": 1138.2470671087503,
            "p95": 1138.2470671087503,
            "p99": 1138.2470671087503,
            "mean": 1138.2470671087503
          },
          "external_warm_ms": {
            "p50": 766.1896161735058,
            "p95": 771.4255098253489,
            "p99": 771.4255098253489,
            "mean": 762.0516265742481
          },
          "warm_vs_baseline_pct": -180.5
        },
        {
          "repeat": 128,
          "prompt_tokens": 8207,
          "baseline_ms": {
            "p50": 565.279196947813,
            "p95": 675.7748890668154,
            "p99": 675.7748890668154,
            "mean": 579.1648889426142
          },
          "external_cold_ms": {
            "p50": 2263.2323279976845,
            "p95": 2263.2323279976845,
            "p99": 2263.2323279976845,
            "mean": 2263.2323279976845
          },
          "external_warm_ms": {
            "p50": 1507.3892194777727,
            "p95": 1532.421700656414,
            "p99": 1532.421700656414,
            "mean": 1503.9756356272846
          },
          "warm_vs_baseline_pct": -166.7
        },
        {
          "repeat": 256,
          "prompt_tokens": 16399,
          "baseline_ms": {
            "p50": 1274.167386814952,
            "p95": 1275.8190874010324,
            "p99": 1275.8190874010324,
            "mean": 1273.598165018484
          },
          "external_cold_ms": {
            "p50": 4710.897589102387,
            "p95": 4710.897589102387,
            "p99": 4710.897589102387,
            "mean": 4710.897589102387
          },
          "external_warm_ms": {
            "p50": 3014.594627544284,
            "p95": 3060.66283211112,
            "p99": 3060.66283211112,
            "mean": 2990.3874546289444
          },
          "warm_vs_baseline_pct": -136.6
        },
        {
          "repeat": 504,
          "prompt_tokens": 32271,
          "baseline_ms": {
            "p50": 3038.6464837938547,
            "p95": 3044.4770343601704,
            "p99": 3044.4770343601704,
            "mean": 3039.395775878802
          },
          "external_cold_ms": {
            "p50": 9549.750911071897,
            "p95": 9549.750911071897,
            "p99": 9549.750911071897,
            "mean": 9549.750911071897
          },
          "external_warm_ms": {
            "p50": 5808.2125633955,
            "p95": 6224.875459447503,
            "p99": 6224.875459447503,
            "mean": 5864.4866570830345
          },
          "warm_vs_baseline_pct": -91.1
        }
      ]
    }
  ],
  "notes": "Wall-clock one-token latency as TTFT proxy. warm_vs_baseline_pct>0 = cache wins. Shared prefix is cached; each request adds a short unique suffix. Sweep --models for the TTFT-vs-model-size scaling curve (ADR 0031: the deficit closes as the model grows)."
}