{
  "model": "Qwen/Qwen2.5-3B-Instruct",
  "max_model_len": 2048,
  "block_tokens": 16,
  "runs": 6,
  "results": [
    {
      "repeat": 16,
      "prompt_tokens": 385,
      "baseline_ms": {
        "p50": 92.14312399944902,
        "p95": 232.25041200021224,
        "p99": 232.25041200021224,
        "mean": 115.47291616670918
      },
      "external_cold_ms": {
        "p50": 384.45563500044955,
        "p95": 384.45563500044955,
        "p99": 384.45563500044955,
        "mean": 384.45563500044955
      },
      "external_warm_ms": {
        "p50": 135.88377900032356,
        "p95": 887.7407009995295,
        "p99": 887.7407009995295,
        "mean": 260.59123799996087
      },
      "warm_vs_baseline_pct": -47.5
    },
    {
      "repeat": 32,
      "prompt_tokens": 769,
      "baseline_ms": {
        "p50": 165.0190720001774,
        "p95": 166.74440600036178,
        "p99": 166.74440600036178,
        "mean": 165.15054533313864
      },
      "external_cold_ms": {
        "p50": 400.14429799975915,
        "p95": 400.14429799975915,
        "p99": 400.14429799975915,
        "mean": 400.14429799975915
      },
      "external_warm_ms": {
        "p50": 234.77736299992102,
        "p95": 244.13523200018972,
        "p99": 244.13523200018972,
        "mean": 233.51538516650785
      },
      "warm_vs_baseline_pct": -42.3
    },
    {
      "repeat": 56,
      "prompt_tokens": 1345,
      "baseline_ms": {
        "p50": 230.21081000024424,
        "p95": 231.20984400065936,
        "p99": 231.20984400065936,
        "mean": 229.88410100015244
      },
      "external_cold_ms": {
        "p50": 571.4579960003903,
        "p95": 571.4579960003903,
        "p99": 571.4579960003903,
        "mean": 571.4579960003903
      },
      "external_warm_ms": {
        "p50": 381.0399160001907,
        "p95": 405.782826000177,
        "p99": 405.782826000177,
        "mean": 385.0072226668999
      },
      "warm_vs_baseline_pct": -65.5
    }
  ],
  "notes": "Wall-clock one-token generation latency as TTFT proxy. warm_vs_baseline_pct>0 = cache wins."
}