{
  "model": "TinyLlama/TinyLlama-1.1B-Chat-v1.0",
  "max_model_len": null,
  "block_tokens": 16,
  "runs": 8,
  "results": [
    {
      "repeat": 16,
      "prompt_tokens": 482,
      "baseline_ms": {
        "p50": 39.994695999666874,
        "p95": 77.1626229998219,
        "p99": 77.1626229998219,
        "mean": 44.597462124784215
      },
      "external_cold_ms": {
        "p50": 136.3191509999524,
        "p95": 136.3191509999524,
        "p99": 136.3191509999524,
        "mean": 136.3191509999524
      },
      "external_warm_ms": {
        "p50": 105.77491499952885,
        "p95": 108.546311000282,
        "p99": 108.546311000282,
        "mean": 106.16733300003034
      },
      "warm_vs_baseline_pct": -164.5
    },
    {
      "repeat": 32,
      "prompt_tokens": 962,
      "baseline_ms": {
        "p50": 70.36838699968939,
        "p95": 70.64984599946911,
        "p99": 70.64984599946911,
        "mean": 70.30196524976873
      },
      "external_cold_ms": {
        "p50": 323.32571299957635,
        "p95": 323.32571299957635,
        "p99": 323.32571299957635,
        "mean": 323.32571299957635
      },
      "external_warm_ms": {
        "p50": 189.20377499944152,
        "p95": 198.4240920000957,
        "p99": 198.4240920000957,
        "mean": 190.15177412507
      },
      "warm_vs_baseline_pct": -168.9
    },
    {
      "repeat": 56,
      "prompt_tokens": 1682,
      "baseline_ms": {
        "p50": 118.86786700051744,
        "p95": 119.55185799979517,
        "p99": 119.55185799979517,
        "mean": 118.85495137516955
      },
      "external_cold_ms": {
        "p50": 539.6799749996717,
        "p95": 539.6799749996717,
        "p99": 539.6799749996717,
        "mean": 539.6799749996717
      },
      "external_warm_ms": {
        "p50": 321.0730280006828,
        "p95": 341.11549600038416,
        "p99": 341.11549600038416,
        "mean": 319.5275616251365
      },
      "warm_vs_baseline_pct": -170.1
    }
  ],
  "notes": "Wall-clock one-token generation latency as TTFT proxy. warm_vs_baseline_pct>0 = cache wins."
}