{
  "model": "Qwen/Qwen2.5-3B-Instruct",
  "max_model_len": 2048,
  "block_tokens": 16,
  "runs": 6,
  "results": [
    {
      "repeat": 16,
      "prompt_tokens": 385,
      "baseline_ms": {
        "p50": 91.91891000045871,
        "p95": 244.9494889997368,
        "p99": 244.9494889997368,
        "mean": 117.25732950011054
      },
      "external_cold_ms": {
        "p50": 405.5699239997921,
        "p95": 405.5699239997921,
        "p99": 405.5699239997921,
        "mean": 405.5699239997921
      },
      "external_warm_ms": {
        "p50": 147.4650609998207,
        "p95": 282.9948519993195,
        "p99": 282.9948519993195,
        "mean": 167.8826131663603
      },
      "warm_vs_baseline_pct": -60.4
    },
    {
      "repeat": 32,
      "prompt_tokens": 769,
      "baseline_ms": {
        "p50": 166.92103000059433,
        "p95": 168.65138199955254,
        "p99": 168.65138199955254,
        "mean": 166.80897750014387
      },
      "external_cold_ms": {
        "p50": 422.5402469992332,
        "p95": 422.5402469992332,
        "p99": 422.5402469992332,
        "mean": 422.5402469992332
      },
      "external_warm_ms": {
        "p50": 247.90652100000443,
        "p95": 254.8126259998753,
        "p99": 254.8126259998753,
        "mean": 243.10036533355137
      },
      "warm_vs_baseline_pct": -48.5
    },
    {
      "repeat": 56,
      "prompt_tokens": 1345,
      "baseline_ms": {
        "p50": 233.05450800035032,
        "p95": 235.4323760000625,
        "p99": 235.4323760000625,
        "mean": 231.92148749997918
      },
      "external_cold_ms": {
        "p50": 637.919310000143,
        "p95": 637.919310000143,
        "p99": 637.919310000143,
        "mean": 637.919310000143
      },
      "external_warm_ms": {
        "p50": 388.4646710002926,
        "p95": 418.9208889993097,
        "p99": 418.9208889993097,
        "mean": 390.48183099976086
      },
      "warm_vs_baseline_pct": -66.7
    }
  ],
  "notes": "Wall-clock one-token generation latency as TTFT proxy. warm_vs_baseline_pct>0 = cache wins."
}